eval_loss,eval_accuracy,eval_f1,eval_cross_entropy,eval_kl_divergence,eval_runtime,eval_samples_per_second,eval_steps_per_second,epoch
0.7296413779258728,0.6688907422852377,0.6600237012425128,0.729641360750356,0.7296413508592966,40.654,58.986,3.69,0.67
0.42205193638801575,0.8452877397831526,0.8446352791227741,0.4220519314870162,0.42205192494395594,40.6077,59.053,3.694,1.33
0.35165300965309143,0.8678065054211843,0.869454293503081,0.3516530143462602,0.35165300754594797,40.7861,58.795,3.678,2.0
0.2852950692176819,0.8982485404503753,0.8985811027114035,0.28529505989034776,0.2852950545671637,40.6214,59.033,3.693,2.67
0.29120320081710815,0.8974145120934112,0.8982084686136087,0.29120320264016164,0.2912031970252342,40.601,59.063,3.694,3.33
0.27748119831085205,0.9020016680567139,0.9024745205988283,0.27748119838571667,0.27748119154488343,40.6624,58.973,3.689,4.0
