loss,grad_norm,learning_rate,epoch
1.0174,4.5947585105896,1.9981033287370443e-05,0.67
0.5273,16.698848724365234,1.7790805745256703e-05,1.33
0.3942,5.468806266784668,1.2736629900720832e-05,2.0
0.29,7.036703586578369,6.6764520052034054e-06,2.67
0.2356,7.604381561279297,4.166666666666667e-06,3.33
0.2618,9.259366989135742,1.8380308764377841e-06,3.33
0.2241,14.568239212036133,0.0,4.0
