eval_loss,eval_accuracy,eval_f1,eval_cross_entropy,eval_kl_divergence,eval_runtime,eval_samples_per_second,eval_steps_per_second,epoch
0.4807290732860565,0.8211009174311926,0.8218020327373214,0.4807290863430367,0.48072907534563647,41.3006,58.062,7.264,0.5
0.3710949122905731,0.8690575479566305,0.8699427979569977,0.3710949226467916,0.37109491450334275,41.0882,58.362,7.301,1.0
0.29684415459632874,0.8924103419516264,0.8921577880672702,0.29684412837647867,0.2968441221245148,41.1789,58.234,7.285,1.5
0.28136610984802246,0.8969974979149291,0.8977376865360446,0.281366097720815,0.28136609170084453,41.2407,58.146,7.274,2.0
0.2545567750930786,0.9095079232693911,0.9098114166750773,0.2545567888822739,0.25455678132992754,41.1719,58.244,7.287,2.5
0.24231234192848206,0.9203502919099249,0.9205509487741378,0.24231233934174012,0.24231233411539968,41.18,58.232,7.285,3.0
0.23953600227832794,0.9195162635529608,0.9196646361163014,0.23953601548911355,0.23953600872723338,41.1799,58.232,7.285,3.5
0.27894696593284607,0.9203502919099249,0.920551140558557,0.27894697301352145,0.27894696824264426,41.1614,58.259,7.288,4.0
