loss,grad_norm,learning_rate,epoch
0.6723,17.416162490844727,1.7769516728624535e-05,1.0
0.3084,5.1873297691345215,1.3308550185873608e-05,2.0
0.2125,14.696314811706543,8.847583643122677e-06,3.0
0.1503,1.4154484272003174,4.386617100371748e-06,4.0
